council_name,application_status,application_type,application_count,total_development_cost,average_development_cost,latest_source_updated_at
Albury City Council,Determined,Development Application,59,14652771.129999999,248352.05305084743,2026-03-28 23:53:30.063
Albury City Council,Determined,Modification Application,4,3964860.0,991215.0,2026-03-28 23:43:01.577
Albury City Council,Rejected,Development Application,2,46448.0,23224.0,2026-03-22 08:33:28.497
Albury City Council,Withdrawn,Development Application,2,32510.0,16255.0,2026-03-28 22:03:11.6
Ballina Shire Council,Determined,Development Application,6,703000.0,117166.66666666667,2026-03-28 21:56:27.167
Ballina Shire Council,Determined,Modification Application,1,300000.0,300000.0,2026-03-22 08:11:25.74
Bathurst Regional Council,Determined,Development Application,19,4719039.21,248370.4847368421,2026-03-28 23:52:37.31
Bathurst Regional Council,Determined,Modification Application,2,230000.0,230000.0,2026-03-28 21:56:45.783
Bayside Council,Determined,Development Application,31,162809064.4,5251905.303225807,2026-03-28 23:52:12.14
Bayside Council,Determined,Modification Application,9,52162500.0,6520312.5,2026-03-28 23:48:10.24
Bayside Council,Under Assessment,Development Application,1,24661410.0,24661410.0,2026-03-20 23:20:14.39
Bayside Council,Withdrawn,Development Application,6,3566401.28,594400.2133333333,2026-03-28 23:48:42.21
Bayside Council,Withdrawn,Modification Application,1,,,2026-03-22 07:52:18.607
Bega Valley Shire Council,Determined,Development Application,1,480000.0,480000.0,2026-03-28 23:52:39.147
Blacktown City Council,Additional Information Requested,Modification Application,1,0.0,0.0,2026-03-20 22:26:23.9
Blacktown City Council,Deferred Commencement,Development Application,1,1132300.0,1132300.0,2026-03-20 23:12:03.43
Blacktown City Council,Determined,Development Application,197,67375576.17,342008.0008629442,2026-03-28 23:50:04.14
Blacktown City Council,Determined,Modification Application,42,39071923.0,1953596.15,2026-03-28 23:51:33.263
Blacktown City Council,Determined,Review of determination,1,262268.0,262268.0,2026-03-20 22:43:46.95
Blacktown City Council,Rejected,Development Application,3,130000.0,43333.333333333336,2026-03-20 23:11:55.63
Blacktown City Council,Under Assessment,Development Application,1,16859420.0,16859420.0,2026-03-22 07:34:25.657
Blacktown City Council,Under Assessment,Modification Application,1,1500000.0,1500000.0,2026-03-20 23:20:35.523
Blacktown City Council,Withdrawn,Development Application,7,4432562.0,633223.1428571428,2026-03-22 08:26:11.437
Blacktown City Council,Withdrawn,Modification Application,3,0.0,0.0,2026-03-28 23:38:00.9
Bland Shire Council,Determined,Development Application,1,600000.0,600000.0,2026-03-22 07:25:23.763
Blayney Shire Council,Determined,Development Application,2,73280.0,36640.0,2026-03-28 21:56:37.097
Blayney Shire Council,Withdrawn,Development Application,1,550000.0,550000.0,2026-03-22 07:37:19.587
Blue Mountains City Council,Cancelled,Development Application,1,198000.0,198000.0,2026-03-20 22:56:20.067
Blue Mountains City Council,Determined,Development Application,31,5299269.0,170944.16129032258,2026-03-28 23:53:46.32
Blue Mountains City Council,Determined,Modification Application,3,1068975.0,356325.0,2026-03-28 23:34:30.923
Blue Mountains City Council,Rejected,Development Application,1,3000.0,3000.0,2026-03-22 07:37:58.427
Blue Mountains City Council,Withdrawn,Development Application,3,512750.0,170916.66666666666,2026-03-28 23:47:49.277
Bogan Shire Council,Determined,Development Application,1,16000.0,16000.0,2026-03-28 23:51:38.217
Broken Hill City Council,Determined,Development Application,1,43300.0,43300.0,2026-03-21 22:58:59.817
Burwood Council,Determined,Development Application,12,3590767.0,299230.5833333333,2026-03-22 08:36:25.843
Burwood Council,Determined,Modification Application,7,22892261.0,5723065.25,2026-03-22 08:42:12.55
Burwood Council,Withdrawn,Development Application,1,792760.0,792760.0,2026-03-22 08:04:32.26
Byron Shire Council,Deferred Commencement,Development Application,7,4344100.0,620585.7142857143,2026-03-22 08:43:34.573
Byron Shire Council,Determined,Development Application,107,34276777.629999995,320343.71616822423,2026-03-28 23:52:31.57
Byron Shire Council,Determined,Modification Application,28,17941244.0,690047.8461538461,2026-03-28 22:42:08.587
Byron Shire Council,Operational consent issued,Development Application,1,0.0,0.0,2026-03-20 23:21:29.97
Byron Shire Council,Withdrawn,Development Application,7,5100050.0,728578.5714285715,2026-03-20 23:15:45.877
Byron Shire Council,Withdrawn,Modification Application,5,5277920.0,1055584.0,2026-03-28 23:50:56.623
Byron Shire Council,Withdrawn,Review of determination,1,17000.0,17000.0,2026-03-20 23:25:24.793
Cabonne Shire Council,Determined,Development Application,1,240000.0,240000.0,2026-03-22 08:11:43.287
Camden Council,Deferred Commencement,Modification Application,1,,,2026-03-20 22:53:28.963
Camden Council,Determined,Development Application,133,45527700.739999995,342313.5393984962,2026-03-28 23:51:51.623
Camden Council,Determined,Modification Application,27,38959877.0,1693907.6956521738,2026-03-28 23:46:26.383
Camden Council,Determined,Review of determination,2,625000.0,312500.0,2026-03-20 23:20:33.477
Camden Council,Rejected,Development Application,3,369873.0,123291.0,2026-03-20 23:30:49.79
Camden Council,Withdrawn,Development Application,18,9213486.0,511860.3333333333,2026-03-28 23:47:46.407
Camden Council,Withdrawn,Modification Application,1,308630.0,308630.0,2026-03-20 22:46:25.707
Campbelltown City Council,Deferred Commencement,Development Application,1,0.0,0.0,2026-03-20 22:27:25.24
Campbelltown City Council,Determined,Development Application,111,81439209.18,733686.5691891892,2026-03-28 23:55:10.973
Campbelltown City Council,Determined,Modification Application,10,418000.0,52250.0,2026-03-22 08:43:41.653
Campbelltown City Council,Rejected,Development Application,1,105000.0,105000.0,2026-03-20 22:46:07.46
Campbelltown City Council,Withdrawn,Development Application,13,3700571.5,284659.3461538461,2026-03-28 23:51:41.303
Campbelltown City Council,Withdrawn,Modification Application,1,,,2026-03-22 08:23:23.25
Canterbury-Bankstown Council,Additional Information Requested,Modification Application,1,,,2026-03-20 22:58:08.433
Canterbury-Bankstown Council,Deferred Commencement,Development Application,4,4913070.0,1228267.5,2026-03-20 23:11:38.407
Canterbury-Bankstown Council,Determined,Development Application,179,92535928.66,516960.4953072625,2026-03-28 23:53:33.883
Canterbury-Bankstown Council,Determined,Modification Application,59,13854357.6,346358.94,2026-03-28 23:52:29.683
Canterbury-Bankstown Council,Determined,Review of determination,2,33976956.0,16988478.0,2026-03-22 07:26:03.83
Canterbury-Bankstown Council,Operational consent issued,Development Application,1,425000.0,425000.0,2026-03-20 23:24:39.613
Canterbury-Bankstown Council,Withdrawn,Development Application,13,5951719.17,457824.5515384615,2026-03-27 22:40:20.917
Canterbury-Bankstown Council,Withdrawn,Modification Application,4,666652.0,166663.0,2026-03-22 07:28:33.523
Canterbury-Bankstown Council,Withdrawn,Review of determination,2,3163213.0,1581606.5,2026-03-22 07:44:39.383
Central Coast Council,Deferred Commencement,Development Application,1,950000.0,950000.0,2026-03-20 22:54:26.917
Central Coast Council,Determined,Development Application,346,81835328.64,236518.290867052,2026-03-28 23:53:40.95
Central Coast Council,Determined,Modification Application,71,58423271.0,927353.5079365079,2026-03-28 23:57:52.29
Central Coast Council,Determined,Review of determination,1,43023453.0,43023453.0,2026-03-20 23:04:31.68
Central Coast Council,Under Assessment,Development Application,1,672355.0,672355.0,2026-03-20 23:24:52.843
Central Coast Council,Under Assessment,Modification Application,1,1548250.0,1548250.0,2026-03-20 23:04:38.807
Central Coast Council,Withdrawn,Development Application,17,6089149.0,358185.23529411765,2026-03-28 22:03:33.297
Central Coast Council,Withdrawn,Modification Application,9,2140200.0,237800.0,2026-03-28 23:29:46.087
Central Coast Council,Withdrawn,Review of determination,1,2200000.0,2200000.0,2026-03-20 23:21:12.363
Cessnock City Council,Deferred Commencement,Development Application,1,10000.0,10000.0,2026-03-20 23:20:16.53
Cessnock City Council,Deferred Commencement,Modification Application,1,5000.0,5000.0,2026-03-20 22:42:44.23
Cessnock City Council,Determined,Development Application,85,26157431.0,307734.4823529412,2026-03-28 23:58:00.793
Cessnock City Council,Determined,Modification Application,21,8793122.0,462795.8947368421,2026-03-28 23:52:38.513
Cessnock City Council,Rejected,Development Application,3,866735.0,288911.6666666667,2026-03-20 23:20:48.783
Cessnock City Council,Withdrawn,Development Application,5,1550965.0,310193.0,2026-03-22 08:31:40.67
City of Canada Bay Council,Deferred Commencement,Development Application,1,959290.0,959290.0,2026-03-28 22:15:40.107
City of Canada Bay Council,Determined,Development Application,28,14383466.0,513695.21428571426,2026-03-27 22:39:00.437
City of Canada Bay Council,Determined,Modification Application,4,1112500.0,370833.3333333333,2026-03-22 08:38:20.24
City of Canada Bay Council,Operational consent issued,Development Application,1,809000.0,809000.0,2026-03-20 23:21:06.067
City of Canada Bay Council,Withdrawn,Development Application,5,30347860.0,6069572.0,2026-03-20 23:06:02.263
City of Parramatta Council,Deferred Commencement,Development Application,3,2310000.0,770000.0,2026-03-22 07:40:14.78
City of Parramatta Council,Determined,Development Application,90,53017134.190000005,589079.2687777778,2026-03-28 23:53:39.597
City of Parramatta Council,Determined,Modification Application,51,10791854.0,291671.7297297297,2026-03-28 23:48:13.963
City of Parramatta Council,Rejected,Development Application,6,2392702.0,398783.6666666667,2026-03-21 22:57:57.053
City of Parramatta Council,Rejected,Modification Application,1,,,2026-03-20 22:53:47.357
City of Parramatta Council,Rejected,Review of determination,1,0.0,0.0,2026-03-20 23:21:20.22
City of Parramatta Council,Withdrawn,Development Application,21,18943480.83,902070.5157142857,2026-03-22 08:10:15.23
City of Parramatta Council,Withdrawn,Modification Application,5,988000.0,197600.0,2026-03-28 23:48:54.72
City of Parramatta Council,Withdrawn,Review of determination,1,,,2026-03-20 22:38:00.227
Clarence Valley Council,Determined,Development Application,35,12717328.22,363352.2348571429,2026-03-28 23:57:43.393
Clarence Valley Council,Determined,Modification Application,2,472692.0,472692.0,2026-03-28 23:48:53.567
Clarence Valley Council,Withdrawn,Development Application,1,292393.0,292393.0,2026-03-22 08:40:56.627
Coffs Harbour City Council,Determined,Development Application,44,9045713.059999999,205584.3877272727,2026-03-28 23:57:51.137
Coffs Harbour City Council,Determined,Modification Application,7,3138576.0,448368.0,2026-03-28 23:48:45.353
Coffs Harbour City Council,Determined,Review of determination,1,1181103.0,1181103.0,2026-03-20 22:26:54.067
Coffs Harbour City Council,Under Assessment,Development Application,1,185000.0,185000.0,2026-03-20 22:32:50.323
Coffs Harbour City Council,Withdrawn,Modification Application,1,22345.0,22345.0,2026-03-20 23:21:02.7
Coolamon Shire Council,Determined,Development Application,1,12400.0,12400.0,2026-03-22 07:40:13.753
Cootamundra-Gundagai Regional Council,Determined,Development Application,1,42990.0,42990.0,2026-03-22 07:40:08.553
Council of the City of Sydney,Determined,Development Application,77,29308682.03,380632.2341558442,2026-03-29 00:00:10.857
Council of the City of Sydney,Determined,Modification Application,50,408920584.81,9509781.042093024,2026-03-28 23:55:17.033
Council of the City of Sydney,Operational consent declined,Development Application,1,9000.0,9000.0,2026-03-20 23:06:45.42
Council of the City of Sydney,Rejected,Development Application,1,47410.0,47410.0,2026-03-20 23:03:57.37
Council of the City of Sydney,Withdrawn,Development Application,7,1098800.0,156971.42857142858,2026-03-22 07:44:11.223
Council of the City of Sydney,Withdrawn,Modification Application,1,,,2026-03-20 22:32:15.623
Cowra Shire Council,Determined,Development Application,6,5879007.5,979834.5833333334,2026-03-28 23:07:03.75
Cowra Shire Council,Withdrawn,Development Application,1,0.0,0.0,2026-03-28 23:53:44.64
Cumberland Council,Deferred Commencement,Development Application,3,0.0,0.0,2026-03-22 08:36:33.89
Cumberland Council,Determined,Development Application,30,10911904.1,363730.13666666666,2026-03-27 22:39:20.83
Cumberland Council,Determined,Modification Application,18,4116052.0,457339.1111111111,2026-03-28 23:48:49.133
Cumberland Council,Rejected,Development Application,6,1976735.0,329455.8333333333,2026-03-28 23:49:00.283
Cumberland Council,Under Assessment,Development Application,2,1548575.0,774287.5,2026-03-20 23:15:56.693
Cumberland Council,Under Assessment,Modification Application,3,407645.0,407645.0,2026-03-20 23:20:34.48
Cumberland Council,Withdrawn,Development Application,7,11540573.0,1648653.2857142857,2026-03-22 08:39:27.863
Cumberland Council,Withdrawn,Modification Application,1,,,2026-03-20 22:49:01.37
Dubbo Regional Council,Determined,Development Application,6,1385813.0,230968.83333333334,2026-03-28 23:53:39.043
Dubbo Regional Council,Determined,Modification Application,2,24500.0,12250.0,2026-03-28 22:02:08.477
Dubbo Regional Council,Withdrawn,Development Application,1,0.0,0.0,2026-03-28 21:56:06.81
Dungog Shire Council,Determined,Development Application,6,813573.0,135595.5,2026-03-28 23:59:59.717
Eurobodalla Shire Council,Determined,Development Application,4,174492.0,43623.0,2026-03-28 22:03:08.287
Eurobodalla Shire Council,Determined,Modification Application,2,67000.0,33500.0,2026-03-22 08:16:25.283
Fairfield City Council,Determined,Development Application,20,10068176.2,503408.80999999994,2026-03-22 08:42:15.893
Fairfield City Council,Determined,Modification Application,5,5130000.0,1282500.0,2026-03-22 07:58:32.44
Fairfield City Council,Withdrawn,Development Application,2,105000.0,52500.0,2026-03-20 23:20:17.287
Fairfield City Council,Withdrawn,Review of determination,1,0.0,0.0,2026-03-20 22:56:29.683
Federation Council,Determined,Development Application,1,6510.49,6510.49,2026-03-28 23:55:20.49
Forbes Shire Council,Determined,Development Application,2,657155.0,328577.5,2026-03-22 07:34:46.06
Georges River Council,Determined,Development Application,13,22900411.46,1761570.1123076924,2026-03-20 23:30:45.237
Georges River Council,Determined,Modification Application,11,2277700.0,227770.0,2026-03-28 22:02:05.76
Georges River Council,Determined,Review of determination,1,1230202.0,1230202.0,2026-03-20 22:33:05.733
Georges River Council,Withdrawn,Development Application,2,1300000.0,650000.0,2026-03-20 22:50:24.83
Georges River Council,Withdrawn,Modification Application,2,200000.0,200000.0,2026-03-20 22:58:19.913
Goulburn Mulwaree Council,Determined,Development Application,14,4426627.0,316187.64285714284,2026-03-28 23:55:11.65
Goulburn Mulwaree Council,Withdrawn,Development Application,3,1104000.0,368000.0,2026-03-22 08:10:47.88
Goulburn Mulwaree Council,Withdrawn,Modification Application,1,85000.0,85000.0,2026-03-28 21:56:35.77
Greater Hume Shire Council,Determined,Development Application,6,1208820.6,201470.1,2026-03-28 23:49:05.047
Griffith City Council,Determined,Development Application,10,1546000.0,154600.0,2026-03-28 23:53:37.137
Griffith City Council,Rejected,Development Application,1,320000.0,320000.0,2026-03-28 23:50:08.313
Griffith City Council,Withdrawn,Development Application,1,12000.0,12000.0,2026-03-28 22:00:24.99
Gwydir Shire Council,Determined,Development Application,1,18000.0,18000.0,2026-03-28 22:00:38.38
Hawkesbury City Council,Determined,Development Application,34,17904708.189999998,526609.0644117646,2026-03-28 23:29:31.43
Hawkesbury City Council,Determined,Modification Application,1,235000.0,235000.0,2026-03-22 08:38:16.483
Hawkesbury City Council,Rejected,Development Application,2,2830170.0,1415085.0,2026-03-20 23:20:51.5
Hawkesbury City Council,Withdrawn,Development Application,4,200200.0,50050.0,2026-03-28 23:52:32.1
Hilltops Council,Determined,Development Application,4,517250.0,129312.5,2026-03-28 22:02:01.007
Hilltops Council,Withdrawn,Development Application,1,1000.0,1000.0,2026-03-22 07:28:23.043
Inner West Council,Deferred Commencement,Development Application,4,13650378.4,3412594.6,2026-03-20 22:58:55.187
Inner West Council,Determined,Development Application,116,35501726.44,306049.36586206895,2026-03-28 23:55:17.663
Inner West Council,Determined,Modification Application,46,30206673.88,755166.847,2026-03-28 23:52:29.08
Inner West Council,Operational consent issued,Development Application,1,650000.0,650000.0,2026-03-20 23:18:25.613
Inner West Council,Rejected,Development Application,16,4607800.0,287987.5,2026-03-28 23:48:42.753
Inner West Council,Rejected,Modification Application,3,52450.0,17483.333333333332,2026-03-20 23:21:15.58
Inner West Council,Withdrawn,Development Application,7,1365300.0,195042.85714285713,2026-03-22 07:37:16.747
Inner West Council,Withdrawn,Modification Application,4,425000.0,106250.0,2026-03-20 23:05:30.477
Junee Shire Council,Determined,Development Application,3,1049200.0,349733.3333333333,2026-03-28 23:51:44.357
Ku-ring-gai Council,Determined,Development Application,16,5375092.64,335943.29,2026-03-28 23:53:41.553
Ku-ring-gai Council,Determined,Modification Application,5,1543736.99,514578.99666666664,2026-03-22 08:40:57.223
Ku-ring-gai Council,Withdrawn,Development Application,5,2810890.0,562178.0,2026-03-28 23:46:36.83
Kyogle Council,Determined,Development Application,1,236900.0,236900.0,2026-03-22 07:34:18.327
Kyogle Council,Determined,Modification Application,1,0.0,0.0,2026-03-22 08:20:59.083
Lake Macquarie City Council,Deferred Commencement,Development Application,1,17910000.0,17910000.0,2026-03-27 22:51:41.61
Lake Macquarie City Council,Determined,Development Application,57,36862897.0,646717.4912280702,2026-03-28 23:53:46.88
Lake Macquarie City Council,Determined,Modification Application,5,2434325.0,486865.0,2026-03-28 23:55:31.237
Lake Macquarie City Council,Rejected,Development Application,1,144100.0,144100.0,2026-03-20 22:47:41.977
Lake Macquarie City Council,Withdrawn,Development Application,4,1111010.0,277752.5,2026-03-20 23:14:25.157
Lane Cove Municipal Council,Determined,Development Application,17,6630366.0,390021.5294117647,2026-03-28 23:47:43.843
Lane Cove Municipal Council,Determined,Modification Application,13,3111106.42,259258.86833333332,2026-03-20 23:25:21.193
Lane Cove Municipal Council,Withdrawn,Development Application,2,428500.0,214250.0,2026-03-20 22:39:41.87
Lane Cove Municipal Council,Withdrawn,Modification Application,1,2500000.0,2500000.0,2026-03-20 23:25:28.09
Leeton Shire Council,Determined,Development Application,1,15000.0,15000.0,2026-03-20 22:40:44.87
Lismore City Council,Determined,Development Application,2,613295.0,306647.5,2026-03-27 22:42:02.64
Lithgow City Council,Determined,Development Application,1,880.0,880.0,2026-03-27 22:41:59.74
Liverpool City Council,Determined,Development Application,39,23718950.66,608178.2220512821,2026-03-28 23:49:05.65
Liverpool City Council,Determined,Modification Application,7,33588901.0,6717780.2,2026-03-22 08:38:15.997
Liverpool City Council,Rejected,Development Application,2,600000.0,300000.0,2026-03-22 08:17:01.32
Liverpool City Council,Withdrawn,Development Application,5,1065000.0,213000.0,2026-03-28 23:38:26.083
Maitland City Council,Determined,Development Application,36,6897859.0,191607.19444444444,2026-03-29 00:00:08.2
Maitland City Council,Determined,Modification Application,1,407000.0,407000.0,2026-03-28 23:49:03.99
Maitland City Council,Rejected,Development Application,1,0.0,0.0,2026-03-28 23:51:40.68
Maitland City Council,Withdrawn,Development Application,2,771000.0,385500.0,2026-03-22 07:51:20.35
Mid-Coast Council,Determined,Development Application,24,5765520.92,240230.03833333333,2026-03-28 23:51:39.353
Mid-Coast Council,Determined,Modification Application,5,185000.0,61666.666666666664,2026-03-22 08:05:06.977
Mid-Coast Council,Operational consent issued,Development Application,1,46565.0,46565.0,2026-03-28 23:57:46.123
Mid-Western Regional Council,Determined,Development Application,1,767400.0,767400.0,2026-03-22 07:59:23.127
Moree Plains Shire Council,Determined,Development Application,2,247697.0,123848.5,2026-03-22 07:25:58.97
Mosman Municipal Council,Deferred Commencement,Development Application,1,242766.21,242766.21,2026-03-22 08:40:54.777
Mosman Municipal Council,Determined,Development Application,4,1099777.2,274944.3,2026-03-22 07:34:44.86
Mosman Municipal Council,Determined,Modification Application,4,1569672.0,392418.0,2026-03-28 23:29:39.457
Mosman Municipal Council,Under Assessment,Development Application,1,1448000.0,1448000.0,2026-03-21 22:57:24.233
Murray River Council,Determined,Development Application,3,38850.0,12950.0,2026-03-28 21:56:41.58
Muswellbrook Shire Council,Determined,Development Application,1,30000.0,30000.0,2026-03-22 08:05:08.503
Nambucca Valley Council,Deferred Commencement,Development Application,1,20000.0,20000.0,2026-03-27 22:41:08.49
Nambucca Valley Council,Determined,Development Application,2,84000.0,42000.0,2026-03-28 22:00:43.38
Nambucca Valley Council,Determined,Modification Application,1,120000.0,120000.0,2026-03-28 22:02:45.55
Newcastle City Council,Determined,Development Application,40,15324984.95,383124.62374999997,2026-03-22 08:40:52.507
Newcastle City Council,Determined,Modification Application,5,675069.0,168767.25,2026-03-28 22:02:13.217
Newcastle City Council,Withdrawn,Development Application,6,655805.0,109300.83333333333,2026-03-28 23:51:37.51
North Sydney Council,Determined,Development Application,17,4040743.0,237690.76470588235,2026-03-29 00:00:06.09
North Sydney Council,Determined,Modification Application,8,59147150.0,9857858.333333334,2026-03-22 08:42:01.833
North Sydney Council,Rejected,Development Application,5,951108.0,190221.6,2026-03-27 22:43:06.853
North Sydney Council,Rejected,Modification Application,2,1000000.0,500000.0,2026-03-22 07:44:39.97
North Sydney Council,Withdrawn,Development Application,2,93000.0,46500.0,2026-03-22 07:28:37.443
Northern Beaches Council,Deferred Commencement,Development Application,1,1054145.0,1054145.0,2026-03-20 23:16:56.823
Northern Beaches Council,Determined,Development Application,103,89774020.46000001,871592.4316504855,2026-03-28 23:53:37.78
Northern Beaches Council,Determined,Modification Application,49,14444636.57,352308.20902439026,2026-03-28 23:53:45.71
Northern Beaches Council,Operational consent issued,Development Application,1,0.0,0.0,2026-03-27 22:43:53.387
Northern Beaches Council,Withdrawn,Development Application,10,38957022.0,3895702.2,2026-03-22 08:43:58.37
Northern Beaches Council,Withdrawn,Modification Application,5,253100.0,63275.0,2026-03-22 07:25:17.38
Oberon Council,Determined,Development Application,1,55000.0,55000.0,2026-03-28 23:52:36.737
Orange City Council,Determined,Development Application,5,1120275.0,224055.0,2026-03-28 23:51:43.193
Orange City Council,Determined,Modification Application,1,460000.0,460000.0,2026-03-22 08:04:59.14
Parkes Shire Council,Determined,Development Application,1,37675.0,37675.0,2026-03-22 07:59:32.323
Penrith City Council,Cancelled,Development Application,1,37730.0,37730.0,2026-03-20 22:49:53.943
Penrith City Council,Determined,Development Application,100,52953098.21,529530.9821,2026-03-22 08:43:54.9
Penrith City Council,Determined,Modification Application,13,18683600.73,1698509.1572727272,2026-03-22 08:43:31.22
Penrith City Council,Rejected,Development Application,2,80000.0,40000.0,2026-03-28 22:05:00.527
Penrith City Council,Withdrawn,Development Application,7,3863933.0,551990.4285714285,2026-03-22 08:17:07.717
Port Macquarie-Hastings Council,Determined,Development Application,3,327443.0,109147.66666666667,2026-03-28 22:00:33.467
Port Stephens Council,Additional Information Requested,Modification Application,1,0.0,0.0,2026-03-20 22:50:42.53
Port Stephens Council,Determined,Development Application,8,2442569.99,305321.24875,2026-03-28 23:48:57.94
Port Stephens Council,Determined,Modification Application,1,5000.0,5000.0,2026-03-22 08:11:09.613
Port Stephens Council,Under Assessment,Development Application,2,1090000.0,545000.0,2026-03-20 23:20:56.08
Queanbeyan-Palerang Regional Council,Deferred Commencement,Development Application,1,600.0,600.0,2026-03-28 22:56:58.01
Queanbeyan-Palerang Regional Council,Determined,Development Application,38,11083025.0,291658.55263157893,2026-03-28 23:55:35.203
Queanbeyan-Palerang Regional Council,Determined,Modification Application,2,405000.0,202500.0,2026-03-20 23:25:14.783
Randwick City Council,Determined,Development Application,5,2370200.0,474040.0,2026-03-28 23:55:13.357
Randwick City Council,Determined,Modification Application,2,0.0,0.0,2026-03-20 22:56:54.243
Randwick City Council,Rejected,Development Application,2,581000.0,290500.0,2026-03-22 08:15:51.63
Randwick City Council,Rejected,Modification Application,2,163570.0,81785.0,2026-03-20 22:38:44.45
Randwick City Council,Withdrawn,Development Application,2,349000.0,174500.0,2026-03-22 08:04:28.553
Randwick City Council,Withdrawn,Modification Application,2,2281484.0,2281484.0,2026-03-20 23:21:01.72
Richmond Valley Council,Determined,Modification Application,1,0.0,0.0,2026-03-22 07:40:16.903
Ryde City Council,Determined,Development Application,38,44277371.620000005,1165193.9900000002,2026-03-28 23:52:27.847
Ryde City Council,Determined,Modification Application,18,6869250.140000001,490660.7242857143,2026-03-28 23:50:10.817
Ryde City Council,Withdrawn,Development Application,1,63140.0,63140.0,2026-03-20 22:39:16.863
Ryde City Council,Withdrawn,Modification Application,1,1500.0,1500.0,2026-03-20 23:04:41.293
Shellharbour City Council,Determined,Development Application,61,27713576.66,454320.928852459,2026-03-28 23:53:34.517
Shellharbour City Council,Determined,Modification Application,8,1059481.79,151354.54142857142,2026-03-28 23:50:09.537
Shellharbour City Council,Withdrawn,Development Application,6,4550010.0,758335.0,2026-03-28 23:53:28.047
Shoalhaven City Council,Determined,Development Application,56,27375215.85,488843.14017857146,2026-03-29 00:00:04.933
Shoalhaven City Council,Determined,Modification Application,7,1056452.0,211290.4,2026-03-28 21:56:31.307
Shoalhaven City Council,Withdrawn,Development Application,4,4915165.0,1228791.25,2026-03-28 23:49:00.837
Singleton Council,Determined,Development Application,6,2178397.0,363066.1666666667,2026-03-28 23:57:42.093
Singleton Council,Withdrawn,Modification Application,1,0.0,0.0,2026-03-28 22:00:23.72
Snowy Monaro Regional Council,Determined,Development Application,2,827147.0,413573.5,2026-03-28 23:51:35.237
Snowy Valleys Council,Determined,Development Application,3,116000.0,38666.666666666664,2026-03-22 08:31:29.23
Strathfield Municipal Council,Cancelled,Development Application,1,24000.0,24000.0,2026-03-20 22:25:34.33
Strathfield Municipal Council,Determined,Development Application,13,7945810.0,611216.1538461539,2026-03-22 08:28:41.913
Strathfield Municipal Council,Determined,Modification Application,6,4600000.0,920000.0,2026-03-20 23:25:26.437
Strathfield Municipal Council,Withdrawn,Development Application,2,89400.0,44700.0,2026-03-20 22:54:27.89
Sutherland Shire Council,Deferred Commencement,Development Application,2,6190474.6,3095237.3,2026-03-20 23:11:19.61
Sutherland Shire Council,Determined,Development Application,227,128854180.19,575241.8758482143,2026-03-28 23:49:02.64
Sutherland Shire Council,Determined,Modification Application,76,112383033.7,1842344.8147540984,2026-03-28 23:52:24.95
Sutherland Shire Council,Determined,Review of determination,2,20535500.0,10267750.0,2026-03-20 23:20:25.73
Sutherland Shire Council,Rejected,Development Application,4,1580759.0,395189.75,2026-03-20 23:05:33.96
Sutherland Shire Council,Rejected,Modification Application,1,300000.0,300000.0,2026-03-20 23:09:53.783
Sutherland Shire Council,Withdrawn,Development Application,19,11278645.17,593612.9036842105,2026-03-22 08:24:44.117
Sutherland Shire Council,Withdrawn,Modification Application,6,3155700.0,631140.0,2026-03-20 23:25:19.26
Tamworth Regional Council,Determined,Development Application,1,6000.0,6000.0,2026-03-28 21:59:01.45
The Council of the Municipality of Hunters Hill,Determined,Development Application,6,1864852.0,310808.6666666667,2026-03-28 22:41:21.213
The Council of the Municipality of Hunters Hill,Determined,Modification Application,4,2745000.0,915000.0,2026-03-20 22:58:29.103
The Council of the Municipality of Hunters Hill,Withdrawn,Modification Application,1,0.0,0.0,2026-03-20 22:25:21.61
The Council of the Municipality of Kiama,Deferred Commencement,Development Application,1,603707.0,603707.0,2026-03-22 08:26:39.397
The Council of the Municipality of Kiama,Determined,Development Application,15,4073035.3,271535.68666666665,2026-03-28 23:50:12.537
The Council of the Municipality of Kiama,Determined,Modification Application,3,653853.0,326926.5,2026-03-28 23:38:11.293
The Council of the Shire of Hornsby,Determined,Development Application,64,38976937.5,609014.6484375,2026-03-28 23:51:58.207
The Council of the Shire of Hornsby,Determined,Modification Application,27,8135515.3,353718.0565217391,2026-03-29 00:00:00.533
The Council of the Shire of Hornsby,Determined,Review of determination,1,98000.0,98000.0,2026-03-20 23:20:41.27
The Council of the Shire of Hornsby,Rejected,Development Application,2,202000.0,101000.0,2026-03-28 23:51:35.457
The Council of the Shire of Hornsby,Rejected,Modification Application,2,611723.0,305861.5,2026-03-28 23:38:00.23
The Council of the Shire of Hornsby,Withdrawn,Development Application,4,128000.0,32000.0,2026-03-20 23:20:34.83
The Hills Shire Council,Determined,Development Application,197,149059113.94999996,756645.2484771572,2026-03-28 23:46:33.8
The Hills Shire Council,Determined,Modification Application,45,29719631.5,825545.3194444445,2026-03-28 23:51:42.51
The Hills Shire Council,Pending Lodgement,Modification Application,1,,,2026-03-20 23:15:50.773
The Hills Shire Council,Rejected,Development Application,6,1315235.0,219205.83333333334,2026-03-28 23:48:04.34
The Hills Shire Council,Rejected,Modification Application,3,950000.0,950000.0,2026-03-27 22:40:17.673
The Hills Shire Council,Under Assessment,Modification Application,1,3330000.0,3330000.0,2026-03-22 08:38:17.537
The Hills Shire Council,Withdrawn,Development Application,15,7286937.29,485795.81933333335,2026-03-28 23:50:01.167
The Hills Shire Council,Withdrawn,Modification Application,1,300000.0,300000.0,2026-03-20 23:15:19.303
Tweed Shire Council,Determined,Development Application,31,13867164.0,447327.87096774194,2026-03-28 23:51:26.93
Tweed Shire Council,Determined,Modification Application,4,1791000.0,895500.0,2026-03-28 23:52:40.9
Tweed Shire Council,Withdrawn,Development Application,2,356000.0,178000.0,2026-03-22 07:51:37.68
Tweed Shire Council,Withdrawn,Modification Application,1,,,2026-03-22 07:52:41.017
Upper Hunter Shire Council,Determined,Development Application,4,417400.0,104350.0,2026-03-28 21:59:09.897
Upper Hunter Shire Council,Determined,Modification Application,1,0.0,0.0,2026-03-22 08:34:30.7
Upper Lachlan Shire Council,Determined,Development Application,3,1618634.0,539544.6666666666,2026-03-27 22:41:00.037
Uralla Shire Council,Determined,Development Application,3,735000.0,245000.0,2026-03-28 23:50:50.71
Wagga Wagga City Council,Determined,Development Application,10,2346657.15,234665.715,2026-03-28 23:48:43.397
Wagga Wagga City Council,Determined,Modification Application,2,170000.0,85000.0,2026-03-22 08:23:05.663
Walgett Shire Council,Withdrawn,Development Application,1,38200.0,38200.0,2026-03-22 08:10:39.337
Warrumbungle Shire Council,Determined,Development Application,1,169625.0,169625.0,2026-03-22 07:58:09.057
Waverley Council,Deferred Commencement,Development Application,1,442530.0,442530.0,2026-03-20 23:16:46.493
Waverley Council,Determined,Development Application,31,13600785.799999999,438735.02580645157,2026-03-28 23:53:38.423
Waverley Council,Determined,Modification Application,18,47109852.0,3140656.8,2026-03-22 08:43:35.143
Waverley Council,Rejected,Development Application,1,2390672.0,2390672.0,2026-03-22 07:59:14.197
Willoughby City Council,Determined,Development Application,22,4850710.0,220486.81818181818,2026-03-28 23:33:46.71
Willoughby City Council,Determined,Modification Application,8,1813944.0,362788.8,2026-03-28 23:57:58.687
Willoughby City Council,Withdrawn,Development Application,2,39800.0,19900.0,2026-03-28 23:52:26.15
Wingecarribee Shire Council,Determined,Development Application,28,8528574.0,304591.9285714286,2026-03-28 23:52:33.763
Wingecarribee Shire Council,Determined,Modification Application,3,2712890.0,904296.6666666666,2026-03-28 22:00:48.577
Wingecarribee Shire Council,Rejected,Development Application,1,80000.0,80000.0,2026-03-20 23:21:28.28
Wingecarribee Shire Council,Withdrawn,Development Application,1,228937.0,228937.0,2026-03-20 22:45:50.723
Wollondilly Shire Council,Determined,Development Application,151,56497741.5,374157.2284768212,2026-03-28 23:57:45.47
Wollondilly Shire Council,Determined,Modification Application,24,2039755.0,145696.7857142857,2026-03-28 23:53:42.113
Wollondilly Shire Council,Rejected,Development Application,1,280000.0,280000.0,2026-03-20 22:58:30.053
Wollondilly Shire Council,Withdrawn,Development Application,12,3471350.0,289279.1666666667,2026-03-22 07:40:23.92
Wollondilly Shire Council,Withdrawn,Modification Application,2,0.0,0.0,2026-03-22 07:31:09.66
Wollongong City Council,Determined,Development Application,139,67662837.59,486783.0042446043,2026-03-28 23:53:35.16
Wollongong City Council,Determined,Modification Application,49,27449828.240000002,807347.8894117648,2026-03-28 23:51:25.717
Wollongong City Council,Determined,Review of determination,2,160000.0,160000.0,2026-03-22 08:32:57.087
Wollongong City Council,Rejected,Development Application,2,84635.0,42317.5,2026-03-20 22:53:33.513
Wollongong City Council,Withdrawn,Development Application,9,5968977.0,663219.6666666666,2026-03-22 08:38:22.357
Wollongong City Council,Withdrawn,Modification Application,2,1100000.0,550000.0,2026-03-28 23:48:06.09
Woollahra Municipal Council,Additional Information Requested,Development Application,1,40000.0,40000.0,2026-03-20 23:11:42.097
Woollahra Municipal Council,Determined,Development Application,27,25764936.79,954256.9181481481,2026-03-28 23:57:49.26
Woollahra Municipal Council,Determined,Modification Application,15,3492481.0,349248.1,2026-03-28 23:52:32.637
Woollahra Municipal Council,Under Assessment,Development Application,1,15000.0,15000.0,2026-03-20 23:01:23.163
Woollahra Municipal Council,Withdrawn,Development Application,4,3544500.0,886125.0,2026-03-20 23:25:27.447
Yass Valley Council,Determined,Development Application,8,3167747.15,395968.39375,2026-03-28 23:49:06.36
Yass Valley Council,Determined,Modification Application,3,487647.4,243823.7,2026-03-28 23:47:57.323
